"0","library(tidyverse) "
"2","Registered S3 methods overwritten by 'dbplyr':
  method         from
  print.tbl_lazy     
  print.tbl_sql      
"
"1","-- [1mAttaching packages[22m -------- tidyverse 1.3.2 --
"
"1","[32mv[39m [34mggplot2[39m 3.4.0      [32mv[39m [34mpurrr  [39m 1.0.1 
[32mv[39m [34mtibble [39m 3.1.8      [32mv[39m [34mdplyr  [39m 1.0.10
[32mv[39m [34mtidyr  [39m 1.2.1      [32mv[39m [34mstringr[39m 1.5.0 
[32mv[39m [34mreadr  [39m 2.1.3      [32mv[39m [34mforcats[39m 0.5.2 
"
"1","-- [1mConflicts[22m ----------- tidyverse_conflicts() --
[31mx[39m [34mdplyr[39m::[32mfilter()[39m masks [34mstats[39m::filter()
[31mx[39m [34mdplyr[39m::[32mlag()[39m    masks [34mstats[39m::lag()
"
"2","Warning message:
"
"2","R graphics engine version 15 is not supported by this version of RStudio. The Plots tab will be disabled until a newer version of RStudio is installed. 
"
"0","library(skimr)"
"2","Registered S3 methods overwritten by 'htmltools':
  method               from         
  print.html           tools:rstudio
  print.shiny.tag      tools:rstudio
  print.shiny.tag.list tools:rstudio
"
"0","library(rvest)"
"2","
Attaching package: â€˜rvestâ€™

"
"2","The following object is masked from â€˜package:readrâ€™:

    guess_encoding

"
